{"cameraMode":{"drawMode":0,"name":"Shaded","section":"Shading Mode"},"sceneLighting":true,"audioPlay":false,"sceneViewState":{"m_AlwaysRefresh":false,"showFog":true,"showSkybox":true,"showFlares":true,"showImageEffects":true,"showParticleSystems":true,"showVisualEffectGraphs":true,"m_FxEnabled":true},"in2DMode":false,"pivot":{"x":16.143966674804689,"y":19.848804473876954,"z":8.803678512573243},"rotation":{"x":-0.12281650304794312,"y":0.16209445893764497,"z":-0.02033158764243126,"w":-0.9789009094238281},"size":42.37791061401367,"orthographic":true}